OBJECTID,source,ext_id,cat1,cat2,cat3,org_name,Name,addrln1,addrln2,city,state,hours,phones,email,url,info1,info2,post_id,descriptio,zip,link,use_type,latitude,longitude,date_updat,dis_status,POINT_X,POINT_Y
"133441427",HSIP Freedom Airports_Heliports,CN35,Transportation,Heliports,,US Geological Survey (USGS) & LA County,Hughes Space And Communications Heliport,,,El Segundo,CA,,,,,01542.32*H,"183","4496",,"91409",http://egis3.lacounty.gov/lms/?p=4496,publish,33.930290829999997,-118.398131399999997,2010-11-01T19:50:56.000Z,,6440896.023927469737828,1797250.877231640042737
"133441428",HSIP Freedom Airports_Heliports,4CA6,Transportation,Heliports,,US Geological Survey (USGS) & LA County,Chevron Refinery,,,El Segundo,CA,,,,,01542.34*H,"29","4497",,"90245",http://egis3.lacounty.gov/lms/?p=4497,publish,33.914179720000000,-118.427020600000006,2010-11-01T19:50:56.000Z,,6432107.544785309582949,1791423.702534320065752
"133441429",HSIP Freedom Airports_Heliports,CL03,Transportation,Heliports,,US Geological Survey (USGS) & LA County,Airport Towers Nr 1,,,El Segundo,CA,,,,,01542.35*H,"404","4498",,"90243",http://egis3.lacounty.gov/lms/?p=4498,publish,33.916957779999997,-118.395076099999997,2010-11-01T19:50:56.000Z,,6441803.782282549887896,1792395.059515479952097
"133441430",HSIP Freedom Airports_Heliports,32CN,Transportation,Heliports,,US Geological Survey (USGS) & LA County,Pacific Bell - 2300 Imperial Highway Heliport,,,El Segundo,,,,,,01542.36*H,"209","4499",,,http://egis3.lacounty.gov/lms/?p=4499,publish,33.980012500000001,-118.382298599999999,2010-11-01T19:50:56.000Z,,6445767.745155139826238,1815326.894885319983587
"133441431",HSIP Freedom Airports_Heliports,CL02,Transportation,Heliports,,US Geological Survey (USGS) & LA County,Kilroy Airport Center,,,El Segundo,CA,,,,,01542.37*H,"255","4500",,"90245",http://egis3.lacounty.gov/lms/?p=4500,publish,33.932513329999999,-118.384798099999998,2010-11-01T19:50:56.000Z,,6444943.795031379908323,1798043.936997229931876
"133441432",HSIP Freedom Airports_Heliports,95CL,Transportation,Heliports,,US Geological Survey (USGS) & LA County,Verdugo Hills Hospital,,,Glendale,CA,,,,,01611.12*H,"1400","4501",,"91209",http://egis3.lacounty.gov/lms/?p=4501,publish,34.204171389999999,-118.217574200000001,2010-11-01T19:50:56.000Z,,6495884.186260639689863,1896753.382622550008819
"133441433",HSIP Freedom Airports_Heliports,CL06,Transportation,Heliports,,US Geological Survey (USGS) & LA County,Glendale Adventist Medical Center/Gamc,,,Glendale,CA,,,,,01611.14*H,"717","4502",,"91206",http://egis3.lacounty.gov/lms/?p=4502,publish,34.151673889999998,-118.230074400000007,2010-11-01T19:50:56.000Z,,6492060.880915139801800,1877657.056313979905099
"133441434",HSIP Freedom Airports_Heliports,CL19,Transportation,Heliports,,US Geological Survey (USGS) & LA County,Bank Of America Glendale,,,Glendale,CA,,,,,01611.15*H,"560","4503",,"91203",http://egis3.lacounty.gov/lms/?p=4503,publish,34.155562779999997,-118.256464199999996,2010-11-01T19:50:56.000Z,,6484080.224304299801588,1879091.612828060053289
"133441435",HSIP Freedom Airports_Heliports,0CL4,Transportation,Heliports,,US Geological Survey (USGS) & LA County,Glen Fed,,,Glendale,CA,,,,,01611.16*H,"770","4504",,"91209",http://egis3.lacounty.gov/lms/?p=4504,publish,34.157229170000001,-118.254519200000004,2010-11-01T19:50:56.000Z,,6484670.194252969697118,1879696.545017139986157
"133441436",HSIP Freedom Airports_Heliports,5CA0,Transportation,Heliports,,US Geological Survey (USGS) & LA County,Dreamworks Helistop Glendale,,,Glendale,CA,,,,,01611.17*H,"513","4505",,"91201",http://egis3.lacounty.gov/lms/?p=4505,publish,34.158333329999998,-118.286111099999999,2010-11-01T19:50:56.000Z,,6475113.810478639788926,1880124.069424550049007
"133441437",HSIP Freedom Airports_Heliports,2CL7,Transportation,Heliports,,US Geological Survey (USGS) & LA County,Glendale Plaza Emergency,,,Glendale,CA,,,,,01611.18*H,"904","4506",,"91203",http://egis3.lacounty.gov/lms/?p=4506,publish,34.155555560000003,-118.258611099999996,2010-11-01T19:50:56.000Z,,6483430.700668980367482,1879090.649247300112620
"133441439",HSIP Freedom Airports_Heliports,CL66,Transportation,Heliports,,US Geological Survey (USGS) & LA County,Camp 2 Heliport,,,La Canada,CA,,,,,01731.6*H,"1120","4510",,"91011",http://egis3.lacounty.gov/lms/?p=4510,publish,34.197227220000002,-118.173961700000007,2010-11-01T19:50:56.000Z,,6509066.554580880329013,1894200.595405309926718
"133441440",HSIP Freedom Airports_Heliports,50CL,Transportation,Heliports,,US Geological Survey (USGS) & LA County,Los Angeles County Sheriff Lakewood Heliport,,,Lakewood,CA,,,,,01745.6*H,"58","4511",,"91754",http://egis3.lacounty.gov/lms/?p=4511,publish,33.850849169999996,-118.133400600000002,2010-11-01T19:50:56.000Z,,6521164.413587230257690,1768127.869860979961231
"133441441",HSIP Freedom Airports_Heliports,21CL,Transportation,Heliports,,US Geological Survey (USGS) & LA County,Sheriffs Heliport,,,Lancaster,CA,,,,,01754.12*H,"2367","4514",,"91754",http://egis3.lacounty.gov/lms/?p=4514,publish,34.699984999999998,-118.059236700000000,2010-11-01T19:50:56.000Z,,6543865.720546719618142,2077125.119319299934432
"133441442",HSIP Freedom Airports_Heliports,CL40,Transportation,Heliports,,US Geological Survey (USGS) & LA County,Antelope Valley Service Center,,,Lancaster,CA,,,,,01754.13*H,"2522","4515",,"93539",http://egis3.lacounty.gov/lms/?p=4515,publish,34.647486940000000,-118.145628299999998,2010-11-01T19:50:56.000Z,,6517871.592088890261948,2058045.983593150041997
"133441443",HSIP Freedom Airports_Heliports,CL30,Transportation,Heliports,,US Geological Survey (USGS) & LA County,Queensway Bay,,,Long Beach,CA,,,,,01794.01*H,"12","4518",,"90801",http://egis3.lacounty.gov/lms/?p=4518,publish,33.755018059999998,-118.194790299999994,2010-11-01T19:50:56.000Z,,6502456.407696220092475,1733282.810614230111241
"133441444",HSIP Freedom Airports_Heliports,CL48,Transportation,Heliports,,US Geological Survey (USGS) & LA County,Va Medical Center,,,Long Beach,CA,,,,,01794.02*H,"76","4519",,"90822",http://egis3.lacounty.gov/lms/?p=4519,publish,33.775850280000000,-118.119509699999995,2010-11-01T19:50:56.000Z,,6525349.811384379863739,1740828.477609470020980
"133441445",HSIP Freedom Airports_Heliports,CA99,Transportation,Heliports,,US Geological Survey (USGS) & LA County,Kilroy Ac8-Long Beach,,,Long Beach,CA,,,,,01794.03*H,"121","4520",,"90245",http://egis3.lacounty.gov/lms/?p=4520,publish,33.807238890000001,-118.146178300000003,2010-11-01T19:50:56.000Z,,6517261.500461310148239,1752262.362878140062094
"133441446",HSIP Freedom Airports_Heliports,3CL3,Transportation,Heliports,,US Geological Survey (USGS) & LA County,World Trade Center,,,Long Beach,CA,,,,,01794.04*H,"398","4521",,"90293",http://egis3.lacounty.gov/lms/?p=4521,publish,33.777795830000002,-118.199513100000004,2010-11-01T19:50:56.000Z,,6501037.188093720003963,1741575.100131969898939
"133441447",HSIP Freedom Airports_Heliports,30CL,Transportation,Heliports,,US Geological Survey (USGS) & LA County,Long Beach Memorial Medical Center,,,Long Beach,CA,,,,,01794.21*H,"84","4522",,"90801",http://egis3.lacounty.gov/lms/?p=4522,publish,33.808350279999999,-118.187290800000000,2010-11-01T19:50:56.000Z,,6504772.326948880217969,1752687.544114399934188
"133441448",HSIP Freedom Airports_Heliports,50CA,Transportation,Heliports,,US Geological Survey (USGS) & LA County,St Mary Medical Center,,,Long Beach,CA,,,,,01794.22*H,"174","4523",,"90801",http://egis3.lacounty.gov/lms/?p=4523,publish,33.778906390000003,-118.185901400000006,2010-11-01T19:50:56.000Z,,6505174.602391050197184,1741971.333263400010765
"133441449",HSIP Freedom Airports_Heliports,CL07,Transportation,Heliports,,US Geological Survey (USGS) & LA County,Queen Mary,,,Long Beach,,,,,,01794.25*H,"14","4524",,,http://egis3.lacounty.gov/lms/?p=4524,publish,33.749444439999998,-118.187777800000006,2010-11-01T19:50:56.000Z,,6504584.332574220374227,1731250.352080730022863
"133441450",HSIP Freedom Airports_Heliports,42L,Transportation,Heliports,,US Geological Survey (USGS) & LA County,Naa Long Beach Port Helistop,,,Long Beach,CA,,,,,01794.6*H,"15","4525",,"90806",http://egis3.lacounty.gov/lms/?p=4525,publish,33.764740000000003,-118.199512799999994,2010-11-01T19:50:56.000Z,,6501027.848545479588211,1736823.717902479926124
"133441451",HSIP Freedom Airports_Heliports,CL12,Transportation,Heliports,,US Geological Survey (USGS) & LA County,St Vincent Professional Office Building,,,Los Angeles,CA,,,,,01817.001*H,"464","4526",,"90057",http://egis3.lacounty.gov/lms/?p=4526,publish,34.063899999999997,-118.272575000000003,2010-11-01T19:50:56.000Z,,6479115.654837129637599,1845746.765803979942575
"133441452",HSIP Freedom Airports_Heliports,CL00,Transportation,Heliports,,US Geological Survey (USGS) & LA County,Usc University Hospital,,,Los Angeles,CA,,,,,01817.002*H,"476","4527",,"90404",http://egis3.lacounty.gov/lms/?p=4527,publish,34.053900560000002,-118.201739200000006,2010-11-01T19:50:56.000Z,,6500562.326182560063899,1842057.166555899893865
"133441453",HSIP Freedom Airports_Heliports,43L,Transportation,Heliports,,US Geological Survey (USGS) & LA County,Van Nuys County Court,,,Los Angeles,CA,,,,,01817.02*H,"850","4528",,"91754",http://egis3.lacounty.gov/lms/?p=4528,publish,34.183338329999998,-118.447582199999999,2010-11-01T19:50:56.000Z,,6426305.122991220094264,1889402.030855480115861
"133441454",HSIP Freedom Airports_Heliports,44L,Transportation,Heliports,,US Geological Survey (USGS) & LA County,Wilshire Area,,,Los Angeles,CA,,,,,01817.03*H,"150","4529",,"90012",http://egis3.lacounty.gov/lms/?p=4529,publish,34.046955279999999,-118.342576699999995,2010-11-01T19:50:56.000Z,,6457893.327859300188720,1839645.163177819922566
"133441455",HSIP Freedom Airports_Heliports,14L,Transportation,Heliports,,US Geological Survey (USGS) & LA County,Devonshire Area,,,Los Angeles,CA,,,,,01817.04*H,"1012","4530",,"90012",http://egis3.lacounty.gov/lms/?p=4530,publish,34.256947220000001,-118.531475299999997,2010-11-01T19:50:56.000Z,,6401074.639003469608724,1916312.828083649976179
"133441456",HSIP Freedom Airports_Heliports,45L,Transportation,Heliports,,US Geological Survey (USGS) & LA County,Parker Center,,,Los Angeles,CA,,,,,01817.05*H,"450","4531",,"90012",http://egis3.lacounty.gov/lms/?p=4531,publish,34.052233889999997,-118.241185000000002,2010-11-01T19:50:56.000Z,,6488612.524622890166938,1841476.959054890088737
"133441457",HSIP Freedom Airports_Heliports,6CA0,Transportation,Heliports,,US Geological Survey (USGS) & LA County,Hotel New Otani Los Angeles,,,Los Angeles,CA,,,,,01817.06*H,"490","4532",,"90012",http://egis3.lacounty.gov/lms/?p=4532,publish,34.051123060000002,-118.242573899999996,2010-11-01T19:50:56.000Z,,6488190.835505629889667,1841073.720031979959458
"133441458",HSIP Freedom Airports_Heliports,6CA9,Transportation,Heliports,,US Geological Survey (USGS) & LA County,Ucla Emergency Medicine Dept.,,,Los Angeles,CA,,,,,01817.09*H,"424","4533",,"90025",http://egis3.lacounty.gov/lms/?p=4533,publish,34.065008890000001,-118.442579699999996,2010-11-01T19:50:56.000Z,,6427628.450068970210850,1846333.472307730000466
"133441459",HSIP Freedom Airports_Heliports,70CA,Transportation,Heliports,,US Geological Survey (USGS) & LA County,The Wilshire Thayer,,,Los Angeles,CA,,,,,01817.1*H,"470","4534",,"90024",http://egis3.lacounty.gov/lms/?p=4534,publish,34.062509169999998,-118.432579399999995,2010-11-01T19:50:56.000Z,,6430653.256355299614370,1845410.599809650098905
"133441460",HSIP Freedom Airports_Heliports,9CA5,Transportation,Heliports,,US Geological Survey (USGS) & LA County,California Mart Heliport,,,Los Angeles,CA,,,,,01817.11*H,"434","4535",,"90079",http://egis3.lacounty.gov/lms/?p=4535,publish,34.040290280000001,-118.256185299999999,2010-11-01T19:50:56.000Z,,6484057.687275890260935,1837141.701321230037138
"133441426",HSIP Freedom Airports_Heliports,CN33,Transportation,Heliports,,US Geological Survey (USGS) & LA County,Airport Imperial Bldg Helistop,,,El Segundo,CA,,,,,01542.31*H,"238","4495",,"90245",http://egis3.lacounty.gov/lms/?p=4495,publish,33.930290829999997,-118.397020299999994,2010-11-01T19:50:56.000Z,,6441233.077387209981680,1797249.544229059945792
"133441425",HSIP Freedom Airports_Heliports,CL27,Transportation,Heliports,,US Geological Survey (USGS) & LA County,Wells Fargo-El Monte,,,El Monte,CA,,,,,01539.01*H,"261","4494",,"91735",http://egis3.lacounty.gov/lms/?p=4494,publish,34.070843060000001,-118.071734399999997,2010-11-01T19:50:56.000Z,,6539945.939672379754484,1848169.300328979967162
"133441424",HSIP Freedom Airports_Heliports,7CL7,Transportation,Heliports,,US Geological Survey (USGS) & LA County,Playa Vista 3,,,Culver City,CA,,,,,01473.3*H,"10","4493",,"90094",http://egis3.lacounty.gov/lms/?p=4493,publish,33.975000000000001,-118.415833300000003,2010-11-01T19:50:56.000Z,,6435593.441356809809804,1813543.119253400014713
"133441423",HSIP Freedom Airports_Heliports,7CL6,Transportation,Heliports,,US Geological Survey (USGS) & LA County,Playa Vista 2,,,Culver City,CA,,,,,01473.2*H,"13","4492",,"90094",http://egis3.lacounty.gov/lms/?p=4492,publish,33.979722219999999,-118.407777800000005,2010-11-01T19:50:56.000Z,,6438042.754043470136821,1815251.614524069940671
"133441422",HSIP Freedom Airports_Heliports,7CL5,Transportation,Heliports,,US Geological Survey (USGS) & LA County,Playa Vista 1,,,Culver City,CA,,,,,01473.1*H,"15","4491",,"90094",http://egis3.lacounty.gov/lms/?p=4491,publish,33.980833330000003,-118.405000000000001,2010-11-01T19:50:56.000Z,,6438886.534836219623685,1815652.562541069928557
"133441421",HSIP Freedom Airports_Heliports,CL87,Transportation,Heliports,,US Geological Survey (USGS) & LA County,Haddicks,,,City Of Industry,CA,,,,,01402.1*H,"306","4490",,"91744",http://egis3.lacounty.gov/lms/?p=4490,publish,34.028066389999999,-117.965064699999999,2010-11-01T19:50:56.000Z,,6572255.713635389693081,1832596.125110570108518
"133441420",HSIP Freedom Airports_Heliports,40CA,Transportation,Heliports,,US Geological Survey (USGS) & LA County,City Of Industry Civic Financial Center,,,City Of Industry,CA,,,,,01402.04*H,"322","4489",,"91744",http://egis3.lacounty.gov/lms/?p=4489,publish,34.024455560000000,-117.959230599999998,2010-11-01T19:50:56.000Z,,6574023.976831139996648,1831282.737973560113460
"133441419",HSIP Freedom Airports_Heliports,9CA3,Transportation,Heliports,,US Geological Survey (USGS) & LA County,Recreation And Conference Center,,,City Of Industry,CA,,,,,01402.03*H,"701","4488",,"91744",http://egis3.lacounty.gov/lms/?p=4488,publish,34.019733610000003,-117.928396399999997,2010-11-01T19:50:56.000Z,,6583368.355452059768140,1829569.549470809986815
"133441418",HSIP Freedom Airports_Heliports,7L5,Transportation,Heliports,,US Geological Survey (USGS) & LA County,Los Angeles County Sheriffs Department Heliport,,,City Of Industry,CA,,,,,01402.02*H,"327","4487",,"91754",http://egis3.lacounty.gov/lms/?p=4487,publish,34.004178609999997,-117.937007500000007,2010-11-01T19:50:56.000Z,,6580762.483367219567299,1823907.024050469975919
"133441417",HSIP Freedom Airports_Heliports,2CL0,Transportation,Heliports,,US Geological Survey (USGS) & LA County,Commerce Business Park,,,City Of Commerce,CA,,,,,01401.7*H,"135","4486",,"90040",http://egis3.lacounty.gov/lms/?p=4486,publish,33.986680280000002,-118.160625600000003,2010-11-01T19:50:56.000Z,,6512976.777731549926102,1817571.940920139895752
"133441416",HSIP Freedom Airports_Heliports,CL26,Transportation,Heliports,,US Geological Survey (USGS) & LA County,Great Western Helistop,,,Chatsworth,CA,,,,,01388.01*H,"1018","4485",,"91324",http://egis3.lacounty.gov/lms/?p=4485,publish,34.238614439999999,-118.565642199999999,2010-11-01T19:50:56.000Z,,6390713.002902640029788,1909697.645119820022956
"133441415",HSIP Freedom Airports_Heliports,CL89,Transportation,Heliports,,US Geological Survey (USGS) & LA County,Los Angeles Times-Northridge Heliport,,,Chatsworth,CA,,,,,01388.*H,"859","4484",,"90053",http://egis3.lacounty.gov/lms/?p=4484,publish,34.238892219999997,-118.569253099999997,2010-11-01T19:50:56.000Z,,6389622.243601219728589,1909804.893592979991809
"133441414",HSIP Freedom Airports_Heliports,CL63,Transportation,Heliports,,US Geological Survey (USGS) & LA County,Castaic Dam,,,Castaic,CA,,,,,01379.9*H,"1520","4483",,"91310",http://egis3.lacounty.gov/lms/?p=4483,publish,34.517222220000001,-118.599444399999996,2010-11-01T19:50:56.000Z,,6381101.533936630003154,2011145.982905149925500
"133441413",HSIP Freedom Airports_Heliports,7L1,Transportation,Heliports,,US Geological Survey (USGS) & LA County,Carson Sheriff Station Heliport,,,Carson,CA,,,,,01379.01*H,"17","4482",,"90012",http://egis3.lacounty.gov/lms/?p=4482,publish,33.834183609999997,-118.261737800000006,2010-11-01T19:50:56.000Z,,6482180.225479629822075,1762139.459265650017187
"133441412",HSIP Freedom Airports_Heliports,CN32,Transportation,Heliports,,US Geological Survey (USGS) & LA County,Boeing De Soto,,,Canoga Park,CA,,,,,01374.2*H,"875","4480",,"90807",http://egis3.lacounty.gov/lms/?p=4480,publish,34.234725830000002,-118.585364400000003,2010-11-01T19:50:56.000Z,,6384744.073239480145276,1908316.661005140049383
"133441411",HSIP Freedom Airports_Heliports,CN27,Transportation,Heliports,,US Geological Survey (USGS) & LA County,Hughes-Canoga Park Heliport,,,Canoga Park,CA,,,,,01374.1*H,"845","4479",,"91409",http://egis3.lacounty.gov/lms/?p=4479,publish,34.237503609999997,-118.625921700000006,2010-11-01T19:50:56.000Z,,6372492.086916710250080,1909401.385869819903746
"133441410",HSIP Freedom Airports_Heliports,05CA,Transportation,Heliports,,US Geological Survey (USGS) & LA County,Lost Hills Sheriff'S Station,,,Calabasas,CA,,,,,01356.86*H,"888","4478",,"91754",http://egis3.lacounty.gov/lms/?p=4478,publish,34.137777780000000,-118.714444400000005,2010-11-01T19:50:56.000Z,,6345479.507083710283041,1873288.648712229914963
"133441409",HSIP Freedom Airports_Heliports,CL62,Transportation,Heliports,,US Geological Survey (USGS) & LA County,Station 125,,,Calabasas,CA,,,,,01356.85*H,"850","4477",,"91302",http://egis3.lacounty.gov/lms/?p=4477,publish,34.150283060000000,-118.698143599999995,2010-11-01T19:50:56.000Z,,6350443.655619960278273,1877804.779771799920127
"133441408",HSIP Freedom Airports_Heliports,8CL3,Transportation,Heliports,,US Geological Survey (USGS) & LA County,Nbc-Tv,,,Burbank,CA,,,,,01353.04*H,"505","4476",,"91523",http://egis3.lacounty.gov/lms/?p=4476,publish,34.153617779999998,-118.331466699999993,2010-11-01T19:50:56.000Z,,6461386.875334139913321,1878450.155449549900368
"133441407",HSIP Freedom Airports_Heliports,CA95,Transportation,Heliports,,US Geological Survey (USGS) & LA County,St Joseph Medical Center,,,Burbank,CA,,,,,01353.01*H,"568","4475",,"91505",http://egis3.lacounty.gov/lms/?p=4475,publish,34.155562220000000,-118.328966399999999,2010-11-01T19:50:56.000Z,,6462145.640548880212009,1879155.283632470062003
"133441406",HSIP Freedom Airports_Heliports,CA08,Transportation,Heliports,,US Geological Survey (USGS) & LA County,Sce Energy Control Center,,,Alhambra,CA,,,,,01228.01*H,"475","4472",,"91801",http://egis3.lacounty.gov/lms/?p=4472,publish,34.083898609999999,-118.144514999999998,2010-11-01T19:50:56.000Z,,6517911.556903970427811,1852944.166763480054215
"133441405",HSIP Freedom Airports_Heliports,9CA9,Transportation,Heliports,,US Geological Survey (USGS) & LA County,Santa Fe International Corp Heliport,,,Alhambra,CA,,,,,01228.*H,"460","4471",,"91802",http://egis3.lacounty.gov/lms/?p=4471,publish,34.080843059999999,-118.149236900000005,2010-11-01T19:50:56.000Z,,6516480.128008309751749,1851834.284796890104190
"133441404",HSIP Freedom Airports_Heliports,CL59,Transportation,Heliports,,US Geological Survey (USGS) & LA County,Camp 11 Heliport,,,Agua Dulce,CA,,,,,01219.01*H,"2220","4470",,"91350",http://egis3.lacounty.gov/lms/?p=4470,publish,34.438328329999997,-118.287578100000005,2010-11-01T19:50:56.000Z,,6474961.520428880117834,1982020.376130220014602
"133441402",HSIP Freedom Airports_Heliports,26CN,Transportation,Heliports,,US Geological Survey (USGS) & LA County,Vincent Substation,,,Acton,CA,,,,,01213.01*H,"3244","4467",,"93550",http://egis3.lacounty.gov/lms/?p=4467,publish,34.486104720000000,-118.115905600000005,2010-11-01T19:50:56.000Z,,6526743.177035969682038,1999303.337955310009420
"133441461",HSIP Freedom Airports_Heliports,23CL,Transportation,Heliports,,US Geological Survey (USGS) & LA County,Los Angeles County Mens Detention Center - Main Jail Heliport,,,Los Angeles,CA,,,,,01817.12*H,"352","4536",,"91754",http://egis3.lacounty.gov/lms/?p=4536,publish,34.060289169999997,-118.230350599999994,2010-11-01T19:50:56.000Z,,6491901.105316059663892,1844400.726173219969496
"133441462",HSIP Freedom Airports_Heliports,4CA0,Transportation,Heliports,,US Geological Survey (USGS) & LA County,Lapd Central Facilities Heliport,,,Los Angeles,CA,,,,,01817.14*H,"302","4537",,"90012",http://egis3.lacounty.gov/lms/?p=4537,publish,34.043345559999999,-118.247018100000005,2010-11-01T19:50:56.000Z,,6486837.663999389857054,1838246.622667799936607
"133441463",HSIP Freedom Airports_Heliports,8CL8,Transportation,Heliports,,US Geological Survey (USGS) & LA County,United Ca Bank Data Processing Ops,,,Los Angeles,CA,,,,,01817.15*H,"367","4538",,"90014",http://egis3.lacounty.gov/lms/?p=4538,publish,34.069732780000002,-118.292297500000004,2010-11-01T19:50:56.000Z,,6473148.498464389704168,1847886.201157639967278
"133441464",HSIP Freedom Airports_Heliports,CN25,Transportation,Heliports,,US Geological Survey (USGS) & LA County,The Westin Bonaventure Hotel,,,Los Angeles,GA,,,,,01817.16*H,"679","4539",,"30303",http://egis3.lacounty.gov/lms/?p=4539,publish,34.052789720000000,-118.255907199999996,2010-11-01T19:50:56.000Z,,6484153.519761379808187,1841690.262434069998562
"133441465",HSIP Freedom Airports_Heliports,87CL,Transportation,Heliports,,US Geological Survey (USGS) & LA County,City National Plaza,,,Los Angeles,CA,,,,,01817.17*H,"980","4540",,"90071",http://egis3.lacounty.gov/lms/?p=4540,publish,34.051400829999999,-118.257018299999999,2010-11-01T19:50:56.000Z,,6483815.664794060401618,1841185.678797560045496
"133441466",HSIP Freedom Airports_Heliports,CA23,Transportation,Heliports,,US Geological Survey (USGS) & LA County,Maguire-California Hospital,,,Van Nuys,CA,,,,,01817.19*H,"376","4542",,"90401",http://egis3.lacounty.gov/lms/?p=4542,publish,34.034999999999997,-118.266111100000003,2010-11-01T19:50:56.000Z,,6481045.525977389886975,1835224.283240060089156
"133441467",HSIP Freedom Airports_Heliports,58CA,Transportation,Heliports,,US Geological Survey (USGS) & LA County,Jay Stephen Hooper Memorial,,,Los Angeles,CA,,,,,01817.2*H,"353","4543",,"90012",http://egis3.lacounty.gov/lms/?p=4543,publish,34.054456109999997,-118.229239399999997,2010-11-01T19:50:56.000Z,,6492232.826765459962189,1842277.198924229945987
"133441468",HSIP Freedom Airports_Heliports,54L,Transportation,Heliports,,US Geological Survey (USGS) & LA County,Terminal Annex,,,Los Angeles,DC,,,,,01817.21*H,"355","4544",,"20260",http://egis3.lacounty.gov/lms/?p=4544,publish,34.058067219999998,-118.235628599999998,2010-11-01T19:50:56.000Z,,6490300.597362220287323,1843595.823255480034277
"133441469",HSIP Freedom Airports_Heliports,57CA,Transportation,Heliports,,US Geological Survey (USGS) & LA County,Merle Norman Cosmetics Building 3 Heliport,,,Los Angeles,CA,,,,,01817.23*H,"126","4545",,"90045",http://egis3.lacounty.gov/lms/?p=4545,publish,33.953346390000000,-118.380909200000005,2010-11-01T19:50:56.000Z,,6446152.197470219805837,1805620.998614730080590
"133441470",HSIP Freedom Airports_Heliports,4CA1,Transportation,Heliports,,US Geological Survey (USGS) & LA County,City National Bank,,,Los Angeles,CA,,,,,01817.24*H,"453","4546",,"90014",http://egis3.lacounty.gov/lms/?p=4546,publish,34.047789719999997,-118.254518300000001,2010-11-01T19:50:56.000Z,,6484569.622931810095906,1839869.602689560037106
"133441471",HSIP Freedom Airports_Heliports,55CN,Transportation,Heliports,,US Geological Survey (USGS) & LA County,Sunset-Glendale,,,Los Angeles,CA,,,,,01817.25*H,"556","4547",,"90026",http://egis3.lacounty.gov/lms/?p=4547,publish,34.077788329999997,-118.259518600000007,2010-11-01T19:50:56.000Z,,6483083.081285480409861,1850790.511621979996562
"133441472",HSIP Freedom Airports_Heliports,CN39,Transportation,Heliports,,US Geological Survey (USGS) & LA County,Operating Engineers Pension Trust Bldg,,,Los Angeles,CA,,,,,01817.26*H,"441","4548",,"90010",http://egis3.lacounty.gov/lms/?p=4548,publish,34.061955279999999,-118.291186400000001,2010-11-01T19:50:56.000Z,,6473476.793411459773779,1845054.854786230018362
"133441473",HSIP Freedom Airports_Heliports,62CA,Transportation,Heliports,,US Geological Survey (USGS) & LA County,Bank Of America Data Center,,,Los Angeles,CA,,,,,01817.27*H,"440","4549",,"90012",http://egis3.lacounty.gov/lms/?p=4549,publish,34.062233610000000,-118.250907200000000,2010-11-01T19:50:56.000Z,,6485676.644339799880981,1845123.248022140003741
"133441474",HSIP Freedom Airports_Heliports,84CA,Transportation,Heliports,,US Geological Survey (USGS) & LA County,Beverly Center Heliport,,,Los Angeles,MI,,,,,01817.28*H,"278","4550",,"48304",http://egis3.lacounty.gov/lms/?p=4550,publish,34.073898329999999,-118.377300000000005,2010-11-01T19:50:56.000Z,,6447411.424938630312681,1849487.856090809917077
"133441475",HSIP Freedom Airports_Heliports,98CA,Transportation,Heliports,,US Geological Survey (USGS) & LA County,Everest And Jennings Helistop Number 1,,,Los Angeles,CA,,,,,01817.29*H,"245","4551",,"90025",http://egis3.lacounty.gov/lms/?p=4551,publish,34.044731939999998,-118.444801400000003,2010-11-01T19:50:56.000Z,,6426922.925889479927719,1838957.339422229910269
"133441476",HSIP Freedom Airports_Heliports,44CN,Transportation,Heliports,,US Geological Survey (USGS) & LA County,Occidental Petroleum,,,Los Angeles,CA,,,,,01817.3*H,"509","4552",,"90024",http://egis3.lacounty.gov/lms/?p=4552,publish,34.058898059999997,-118.443690799999999,2010-11-01T19:50:56.000Z,,6427282.122677640058100,1844111.128655310021713
"133441477",HSIP Freedom Airports_Heliports,59L,Transportation,Heliports,,US Geological Survey (USGS) & LA County,City Hall,,,Los Angeles,,,,,,01817.31*H,"360","4553",,,http://egis3.lacounty.gov/lms/?p=4553,publish,34.054178329999999,-118.242573899999996,2010-11-01T19:50:56.000Z,,6488193.518899220041931,1842185.588871229905635
"133441478",HSIP Freedom Airports_Heliports,60L,Transportation,Heliports,,US Geological Survey (USGS) & LA County,Engine Company Number 108 Heliport,,,Los Angeles,,,,,,01817.32*H,"1127","4554",,,http://egis3.lacounty.gov/lms/?p=4554,publish,34.126673889999999,-118.407023899999999,2010-11-01T19:50:56.000Z,,6438487.863389479927719,1868728.832044479902834
"133441479",HSIP Freedom Airports_Heliports,61L,Transportation,Heliports,,US Geological Survey (USGS) & LA County,Engine Company Number 109 Heliport,,,Los Angeles/Van Nuys,,,,,,01817.33*H,"1375","4555",,,http://egis3.lacounty.gov/lms/?p=4555,publish,34.130839719999997,-118.490637800000002,2010-11-01T19:50:56.000Z,,6413190.382160379551351,1870357.828130299923941
"133441480",HSIP Freedom Airports_Heliports,CL08,Transportation,Heliports,,US Geological Survey (USGS) & LA County,Biltmore Hotel Heliport,,,Los Angeles,CA,,,,,01817.34*H,"443","4556",,"90071",http://egis3.lacounty.gov/lms/?p=4556,publish,34.049178609999998,-118.253407199999998,2010-11-01T19:50:56.000Z,,6484907.479539560154080,1840374.194856229936704
"133441481",HSIP Freedom Airports_Heliports,CL20,Transportation,Heliports,,US Geological Survey (USGS) & LA County,Wells Fargo-Cv,,,Los Angeles,CA,,,,,01817.36*H,"260","4557",,"90071",http://egis3.lacounty.gov/lms/?p=4557,publish,34.041678890000000,-118.271740600000001,2010-11-01T19:50:56.000Z,,6479346.507393809966743,1837659.417149310000241
"133441482",HSIP Freedom Airports_Heliports,22CN,Transportation,Heliports,,US Geological Survey (USGS) & LA County,Abc-Tv,,,Los Angeles,CA,,,,,01817.37*H,"422","4558",,"90067",http://egis3.lacounty.gov/lms/?p=4558,publish,34.103342499999997,-118.282575600000001,2010-11-01T19:50:56.000Z,,6476127.136535969562829,1860108.946397139923647
"133441483",HSIP Freedom Airports_Heliports,CL32,Transportation,Heliports,,US Geological Survey (USGS) & LA County,Fib Administration & Operations Building,,,Los Angeles,CA,,,,,01817.38*H,"430","4559",,"90017",http://egis3.lacounty.gov/lms/?p=4559,publish,34.053622779999998,-118.264518600000002,2010-11-01T19:50:56.000Z,,6481545.845514800399542,1842000.180777479894459
"133441484",HSIP Freedom Airports_Heliports,CL31,Transportation,Heliports,,US Geological Survey (USGS) & LA County,Caltrans District 7,,,Los Angeles,CA,,,,,01817.39*H,"484","4560",,"90012",http://egis3.lacounty.gov/lms/?p=4560,publish,34.051472220000001,-118.243055600000005,2010-11-01T19:50:56.000Z,,6488045.228513389825821,1841201.138084230013192
"133441485",HSIP Freedom Airports_Heliports,CL70,Transportation,Heliports,,US Geological Survey (USGS) & LA County,Queen Of Angel-Hollywood Presbyterian Hospital Heliport,,,Los Angeles,CA,,,,,01817.4*H,"524","4561",,"90027",http://egis3.lacounty.gov/lms/?p=4561,publish,34.096398330000000,-118.290352799999994,2010-11-01T19:50:56.000Z,,6473765.476889220066369,1857588.553143979981542
"133441486",HSIP Freedom Airports_Heliports,46CL,Transportation,Heliports,,US Geological Survey (USGS) & LA County,Transamerica Center,,,Los Angeles,CA,,,,,01817.41*H,"679","4562",,"90015",http://egis3.lacounty.gov/lms/?p=4562,publish,34.039734439999997,-118.228406399999997,2010-11-01T19:50:56.000Z,,6492472.971626389771700,1836919.134837229968980
"133441487",HSIP Freedom Airports_Heliports,26CL,Transportation,Heliports,,US Geological Survey (USGS) & LA County,Litton Industries,,,Los Angeles,CA,,,,,01817.42*H,"875","4563",,"91364",http://egis3.lacounty.gov/lms/?p=4563,publish,34.168616110000002,-118.594530300000002,2010-11-01T19:50:56.000Z,,6381831.416335140354931,1884274.818997059948742
"133441488",HSIP Freedom Airports_Heliports,29CL,Transportation,Heliports,,US Geological Survey (USGS) & LA County,Childrens Hospital Los Angeles,,,Los Angeles,CA,,,,,01817.43*H,"500","4564",,"90027",http://egis3.lacounty.gov/lms/?p=4564,publish,34.096120560000003,-118.290352799999994,2010-11-01T19:50:56.000Z,,6473765.184895049780607,1857487.467716230079532
"133441489",HSIP Freedom Airports_Heliports,CL49,Transportation,Heliports,,US Geological Survey (USGS) & LA County,International Tower,,,Los Angeles,CA,,,,,01817.45*H,"542","4565",,"90017",http://egis3.lacounty.gov/lms/?p=4565,publish,34.046400830000003,-118.262574400000005,2010-11-01T19:50:56.000Z,,6482127.890282469801605,1839370.437349299900234
"133441490",HSIP Freedom Airports_Heliports,CL50,Transportation,Heliports,,US Geological Survey (USGS) & LA County,Westwood Gateway,,,Los Angeles,CA,,,,,01817.46*H,"321","4566",,"90025",http://egis3.lacounty.gov/lms/?p=4566,publish,34.047787219999996,-118.445079699999994,2010-11-01T19:50:56.000Z,,6426843.541861889883876,1840069.577683310024440
"133441491",HSIP Freedom Airports_Heliports,CL71,Transportation,Heliports,,US Geological Survey (USGS) & LA County,Hughes Corporate Heliport,,,Los Angeles,CA,,,,,01817.47*H,"75","4567",,"91409",http://egis3.lacounty.gov/lms/?p=4567,publish,33.966123060000001,-118.424243599999997,2010-11-01T19:50:56.000Z,,6433029.894974719733000,1810323.296296729939058
"133441492",HSIP Freedom Airports_Heliports,0CL7,Transportation,Heliports,,US Geological Survey (USGS) & LA County,Good Samaritan Hospital,,,Los Angeles,CA,,,,,01817.48*H,"473","4568",,"90017",http://egis3.lacounty.gov/lms/?p=4568,publish,34.054456109999997,-118.265074700000000,2010-11-01T19:50:56.000Z,,6481378.199196550063789,1842303.888503389898688
"133441493",HSIP Freedom Airports_Heliports,CA46,Transportation,Heliports,,US Geological Survey (USGS) & LA County,Cedars-Sinai Medical Center,,,Los Angeles,CA,,,,,01817.49*H,"334","4569",,"90048",http://egis3.lacounty.gov/lms/?p=4569,publish,34.076388889999997,-118.381944399999995,2010-11-01T19:50:56.000Z,,6446008.397889049723744,1850399.523558809887618
"133441494",HSIP Freedom Airports_Heliports,3CL7,Transportation,Heliports,,US Geological Survey (USGS) & LA County,Raleigh Enterprises,,,Los Angeles,CA,,,,,01817.5*H,"200","4570",,"90064",http://egis3.lacounty.gov/lms/?p=4570,publish,34.036121110000003,-118.442023599999999,2010-11-01T19:50:56.000Z,,6427750.642409889958799,1835820.007114229956642
"133441495",HSIP Freedom Airports_Heliports,3CL5,Transportation,Heliports,,US Geological Survey (USGS) & LA County,Chase Plaza,,,Los Angeles,CA,,,,,01817.51*H,"412","4571",,"90293",http://egis3.lacounty.gov/lms/?p=4571,publish,34.037234720000001,-118.258129699999998,2010-11-01T19:50:56.000Z,,6483465.767199889756739,1836031.233397810021415
"133441496",HSIP Freedom Airports_Heliports,2CA6,Transportation,Heliports,,US Geological Survey (USGS) & LA County,K & T 660 Figueroa Partners,,,Los Angeles,CA,,,,,01817.52*H,"629","4572",,"90017",http://egis3.lacounty.gov/lms/?p=4572,publish,34.049178609999998,-118.259240300000002,2010-11-01T19:50:56.000Z,,6483140.503742800094187,1840378.700752720003948
"133441497",HSIP Freedom Airports_Heliports,CL54,Transportation,Heliports,,US Geological Survey (USGS) & LA County,Westside Towers,,,Los Angeles,CA,,,,,01817.56*H,"325","4573",,"90064",http://egis3.lacounty.gov/lms/?p=4573,publish,34.033065559999997,-118.452579400000005,2010-11-01T19:50:56.000Z,,6424547.571388210169971,1834722.274729639990255
"133441498",HSIP Freedom Airports_Heliports,56CA,Transportation,Heliports,,US Geological Survey (USGS) & LA County,Los Angeles Times-Los Angeles Heliport,,,Los Angeles,CA,,,,,01817.57*H,"345","4574",,"90053",http://egis3.lacounty.gov/lms/?p=4574,publish,34.050567500000000,-118.246184999999997,2010-11-01T19:50:56.000Z,,6487096.483035550452769,1840874.200745980022475
"133441499",HSIP Freedom Airports_Heliports,5CL6,Transportation,Heliports,,US Geological Survey (USGS) & LA County,Edward Roybal Federal Bldg,,,Los Angeles,CA,,,,,01817.58*H,"646","4575",,"90012",http://egis3.lacounty.gov/lms/?p=4575,publish,34.053333330000001,-118.239166699999998,2010-11-01T19:50:56.000Z,,6489224.842623960226774,1841875.604583049891517
"133441500",HSIP Freedom Airports_Heliports,0CA0,Transportation,Heliports,,US Geological Survey (USGS) & LA County,Drew Medical Center,,,Los Angeles,CA,,,,,01817.59*H,"180","4576",,"90059",http://egis3.lacounty.gov/lms/?p=4576,publish,33.923333329999998,-118.241944399999994,2010-11-01T19:50:56.000Z,,6488269.585020050406456,1794568.042702320031822
"133441501",HSIP Freedom Airports_Heliports,3CL1,Transportation,Heliports,,US Geological Survey (USGS) & LA County,Metropolitan Water District,,,Los Angeles,CA,,,,,01817.6*H,"465","4577",,"90013",http://egis3.lacounty.gov/lms/?p=4577,publish,34.054444439999997,-118.236666700000001,2010-11-01T19:50:56.000Z,,6489983.062892300076783,1842278.165785799967125
"133441502",HSIP Freedom Airports_Heliports,2CN2,Transportation,Heliports,,US Geological Survey (USGS) & LA County,Dept. Of Water And Power Granada Hills,,,Los Angeles,CA,,,,,01817.61*H,"1124","4578",,"90012",http://egis3.lacounty.gov/lms/?p=4578,publish,34.289027779999998,-118.471111100000002,2010-11-01T19:50:56.000Z,,6419369.440996469929814,1927896.436149979941547
"133441503",HSIP Freedom Airports_Heliports,2CN6,Transportation,Heliports,,US Geological Survey (USGS) & LA County,Department Of Water & Power Los Angeles,,,Los Angeles,CA,,,,,01817.62*H,"654","4579",,"90012",http://egis3.lacounty.gov/lms/?p=4579,publish,34.058055560000000,-118.248611100000005,2010-11-01T19:50:56.000Z,,6486368.315200549550354,1843601.051591469906271
"133441504",HSIP Freedom Airports_Heliports,8CL5,Transportation,Heliports,,US Geological Survey (USGS) & LA County,Ri Ai Canoga Park B/2 Helistop,,,Los Angeles,CA,,,,,01818.2*H,"900","4580",,"90245",http://egis3.lacounty.gov/lms/?p=4580,publish,34.233614719999998,-118.587031400000001,2010-11-01T19:50:56.000Z,,6384237.867230890318751,1907915.253343390068039
"133441505",HSIP Freedom Airports_Heliports,84CL,Transportation,Heliports,,US Geological Survey (USGS) & LA County,Century City,,,Los Angeles,CA,,,,,01818.3*H,"473","4581",,"90067",http://egis3.lacounty.gov/lms/?p=4581,publish,34.060842780000002,-118.417579200000006,2010-11-01T19:50:56.000Z,,6435193.881788480095565,1844784.960969059960917
"133441506",HSIP Freedom Airports_Heliports,3CA6,Transportation,Heliports,,US Geological Survey (USGS) & LA County,J H Snyder Company Iii Heliport,,,Los Angeles,CA,,,,,01818.31*H,"559","4582",,"90036",http://egis3.lacounty.gov/lms/?p=4582,publish,34.062510279999998,-118.352299200000004,2010-11-01T19:50:56.000Z,,6454967.935744229704142,1845316.074736220063642
"133441507",HSIP Freedom Airports_Heliports,4CA9,Transportation,Heliports,,US Geological Survey (USGS) & LA County,Randy Champe-Gary Howe Memorial,,,Los Angeles,CA,,,,,01818.32*H,"184","4583",,"90003",http://egis3.lacounty.gov/lms/?p=4583,publish,33.958333330000002,-118.277222199999997,2010-11-01T19:50:56.000Z,,6477602.210029389709234,1807332.905623970087618
"133441508",HSIP Freedom Airports_Heliports,7CL3,Transportation,Heliports,,US Geological Survey (USGS) & LA County,Boeing Canoga Park,,,Los Angeles,CA,,,,,01818.4*H,"800","4584",,"90807",http://egis3.lacounty.gov/lms/?p=4584,publish,34.188338060000000,-118.600919700000006,2010-11-01T19:50:56.000Z,,6379941.622542560100555,1891463.358425719896331
"133441509",HSIP Freedom Airports_Heliports,CN47,Transportation,Heliports,,US Geological Survey (USGS) & LA County,Pacoima Dam,,,Los Angeles,CA,,,,,01818.44*H,"2039","4586",,"91808",http://egis3.lacounty.gov/lms/?p=4586,publish,34.333611110000000,-118.397499999999994,2010-11-01T19:50:56.000Z,,6441667.985310049727559,1944024.945559560088441
"133441510",HSIP Freedom Airports_Heliports,4CA4,Transportation,Heliports,,US Geological Survey (USGS) & LA County,St Francis Medical Center Helistop,,,Lynwood,CA,,,,,01850.*H,"154","4587",,"90262",http://egis3.lacounty.gov/lms/?p=4587,publish,33.930292780000002,-118.202571100000000,2010-11-01T19:50:56.000Z,,6500219.686775970272720,1797074.326403649989516
"133441511",HSIP Freedom Airports_Heliports,74L,Transportation,Heliports,,US Geological Survey (USGS) & LA County,Malibu Administrative Center,,,Malibu,CA,,,,,01855.61*H,"29","4588",,"91754",http://egis3.lacounty.gov/lms/?p=4588,publish,34.037229719999999,-118.688140799999999,2010-11-01T19:50:56.000Z,,6353188.346324799582362,1836642.630468979943544
"133441512",HSIP Freedom Airports_Heliports,CL10,Transportation,Heliports,,US Geological Survey (USGS) & LA County,Anacapa View Estates,,,Malibu,CA,,,,,01855.62*H,"625","4589",,"90265",http://egis3.lacounty.gov/lms/?p=4589,publish,34.041674170000000,-118.853147199999995,2010-11-01T19:50:56.000Z,,6303212.136894229799509,1838643.263606820022687
"133441513",HSIP Freedom Airports_Heliports,CL72,Transportation,Heliports,,US Geological Survey (USGS) & LA County,Camp 8 Heliport,,,Malibu,CA,,,,,01855.63*H,"1525","4590",,"90265",http://egis3.lacounty.gov/lms/?p=4590,publish,34.061951669999999,-118.647029200000006,2010-11-01T19:50:56.000Z,,6365701.420708060264587,1845556.522089970065281
"133441514",HSIP Freedom Airports_Heliports,CA50,Transportation,Heliports,,US Geological Survey (USGS) & LA County,Hughes-Malibu Heliport,,,Malibu,CA,,,,,01855.7*H,"455","4591",,"91409",http://egis3.lacounty.gov/lms/?p=4591,publish,34.044451670000001,-118.693974999999995,2010-11-01T19:50:56.000Z,,6351438.965965299867094,1839282.929322229931131
"133441515",HSIP Freedom Airports_Heliports,62CN,Transportation,Heliports,,US Geological Survey (USGS) & LA County,Trw Manhattan Beach,,,Manhattan Beach,CA,,,,,01857.8*H,"94","4592",,"90278",http://egis3.lacounty.gov/lms/?p=4592,publish,33.896958329999997,-118.382852499999998,2010-11-01T19:50:56.000Z,,6445484.697164800018072,1785102.498641310026869
"133441516",HSIP Freedom Airports_Heliports,CA79,Transportation,Heliports,,US Geological Survey (USGS) & LA County,The Ritz-Carlton Hotel Company,,,Marina Del Rey,GA,,,,,01861.*H,"149","4593",,"30326",http://egis3.lacounty.gov/lms/?p=4593,publish,33.984455830000002,-118.450078599999998,2010-11-01T19:50:56.000Z,,6425226.051330479793251,1817028.981376139912754
"133441517",HSIP Freedom Airports_Heliports,80L,Transportation,Heliports,,US Geological Survey (USGS) & LA County,Los Angeles County Fire Station Nr 123,,,Newhall,CA,,,,,01944.11*H,"1805","4594",,"90063",http://egis3.lacounty.gov/lms/?p=4594,publish,34.381664170000001,-118.414526100000003,2010-11-01T19:50:56.000Z,,6436600.075170310214162,1961532.992892469977960
"133441518",HSIP Freedom Airports_Heliports,27CN,Transportation,Heliports,,US Geological Survey (USGS) & LA County,Sce Pardee Substation Helistop,,,Newhall,CA,,,,,01944.13*H,"1073","4595",,"91355",http://egis3.lacounty.gov/lms/?p=4595,publish,34.438606389999997,-118.579253100000003,2010-11-01T19:50:56.000Z,,6387018.758322640322149,1982500.764277060050517
"133441519",HSIP Freedom Airports_Heliports,83L,Transportation,Heliports,,US Geological Survey (USGS) & LA County,Southeast Superior Court,,,Norwalk,CA,,,,,01963.*H,"235","4596",,"91754",http://egis3.lacounty.gov/lms/?p=4596,publish,33.913625279999998,-118.073121400000005,2010-11-01T19:50:56.000Z,,6539484.275897550396621,1790954.796647980110720
"133441520",HSIP Freedom Airports_Heliports,84L,Transportation,Heliports,,US Geological Survey (USGS) & LA County,Norwalk Sheriff Station,,,Norwalk,CA,,,,,01963.01*H,"101","4597",,"91754",http://egis3.lacounty.gov/lms/?p=4597,publish,33.913347219999999,-118.069788299999999,2010-11-01T19:50:56.000Z,,6540495.514688719995320,1790852.885434479918331
"133441521",HSIP Freedom Airports_Heliports,PAI,Transportation,Heliports,,US Geological Survey (USGS) & LA County,Barton Heliport,,,Pacoima,CA,,,,,02003.*H,"960","4598",,"91331",http://egis3.lacounty.gov/lms/?p=4598,publish,34.259724720000001,-118.413415299999997,2010-11-01T19:50:56.000Z,,6436752.711019890382886,1917155.929743899963796
"133441522",HSIP Freedom Airports_Heliports,66CN,Transportation,Heliports,,US Geological Survey (USGS) & LA County,Northrop Palos Verdes,,,Palos Verdes,CA,,,,,02024.5*H,"1080","4602",,"90250",http://egis3.lacounty.gov/lms/?p=4602,publish,33.760571939999998,-118.388406099999997,2010-11-01T19:50:56.000Z,,6443607.545079220086336,1735474.755377310095355
"133441523",HSIP Freedom Airports_Heliports,24CA,Transportation,Heliports,,US Geological Survey (USGS) & LA County,Mesa,,,Pasadena,CA,,,,,02029.41*H,"1520","4603",,"91109",http://egis3.lacounty.gov/lms/?p=4603,publish,34.204726940000000,-118.170905599999998,2010-11-01T19:50:56.000Z,,6509995.319455640390515,1896928.289753060089424
"133441524",HSIP Freedom Airports_Heliports,CL14,Transportation,Heliports,,US Geological Survey (USGS) & LA County,Huntington Memorial Hospital,,,Pasadena,CA,,,,,02029.42*H,"854","4604",,"91109",http://egis3.lacounty.gov/lms/?p=4604,publish,34.133646669999997,-118.153682500000002,2010-11-01T19:50:56.000Z,,6515163.342584130354226,1871052.509811799973249
"133441525",HSIP Freedom Airports_Heliports,3CL4,Transportation,Heliports,,US Geological Survey (USGS) & LA County,Super Bowl,,,Pasadena,CA,,,,,02029.43*H,"960","4605",,"91107",http://egis3.lacounty.gov/lms/?p=4605,publish,34.172783889999998,-118.170902799999993,2010-11-01T19:50:56.000Z,,6509976.401842550374568,1885303.651256979908794
"133441526",HSIP Freedom Airports_Heliports,98L,Transportation,Heliports,,US Geological Survey (USGS) & LA County,Pomona Police Dept,,,Pomona,CA,,,,,02058.14*H,"1001","4606",,"91750",http://egis3.lacounty.gov/lms/?p=4606,publish,34.052510560000002,-117.793391700000001,2010-11-01T19:50:56.000Z,,6624254.248089550063014,1841554.322089150082320
"133441527",HSIP Freedom Airports_Heliports,99L,Transportation,Heliports,,US Geological Survey (USGS) & LA County,Pomona Superior Court,,,Pomona,CA,,,,,02058.15*H,"1000","4607",,"91754",http://egis3.lacounty.gov/lms/?p=4607,publish,34.502495560000000,-117.749227200000007,2010-11-01T19:50:56.000Z,,6637223.576481550000608,2005342.448580469936132
"133441528",HSIP Freedom Airports_Heliports,3CL6,Transportation,Heliports,,US Geological Survey (USGS) & LA County,Long Point,,,Rancho Palos Verdes,CA,,,,,02078.92*H,"85","4608",,"90274",http://egis3.lacounty.gov/lms/?p=4608,publish,33.736961669999999,-118.393684199999996,2010-11-01T19:50:56.000Z,,6441969.529982550069690,1726888.581276729935780
"133441529",HSIP Freedom Airports_Heliports,6CA2,Transportation,Heliports,,US Geological Survey (USGS) & LA County,Sce Rosemead,,,Rosemead,CA,,,,,02118.5*H,"229","4610",,"91770",http://egis3.lacounty.gov/lms/?p=4610,publish,34.051121670000001,-118.081734699999998,2010-11-01T19:50:56.000Z,,6536911.566147970035672,1840994.620124560082331
"133441530",HSIP Freedom Airports_Heliports,CL75,Transportation,Heliports,,US Geological Survey (USGS) & LA County,Robert D Cloud,,,Rosemead,CA,,,,,02118.51*H,"312","4611",,"91770",http://egis3.lacounty.gov/lms/?p=4611,publish,34.052232779999997,-118.080623599999996,2010-11-01T19:50:56.000Z,,6537248.460487309843302,1841398.702649730024859
"133441531",HSIP Freedom Airports_Heliports,1CL0,Transportation,Heliports,,US Geological Survey (USGS) & LA County,William Archibald,,,San Dimas,CA,,,,,02181.01*H,"984","4613",,"91773",http://egis3.lacounty.gov/lms/?p=4613,publish,34.104453329999998,-117.799781100000004,2010-11-01T19:50:56.000Z,,6622281.177560639567673,1860453.330550889950246
"133441532",HSIP Freedom Airports_Heliports,3CA8,Transportation,Heliports,,US Geological Survey (USGS) & LA County,Holy Cross Medical Center,,,San Fernando,CA,,,,,02184.01*H,"1031","4614",,"91345",http://egis3.lacounty.gov/lms/?p=4614,publish,34.279723890000000,-118.461473100000006,2010-11-01T19:50:56.000Z,,6422265.070375800132751,1924497.110599559964612
"133441533",HSIP Freedom Airports_Heliports,47CL,Transportation,Heliports,,US Geological Survey (USGS) & LA County,Spears,,,San Fernando,CA,,,,,02184.02*H,"1314","4615",,"91392",http://egis3.lacounty.gov/lms/?p=4615,publish,34.312500000000000,-118.474444399999996,2010-11-01T19:50:56.000Z,,6418402.930790379643440,1936443.051930729998276
"133441534",HSIP Freedom Airports_Heliports,CA52,Transportation,Heliports,,US Geological Survey (USGS) & LA County,Ports O'Call,,,San Pedro,CA,,,,,02221.04*H,"2","4617",,"90731",http://egis3.lacounty.gov/lms/?p=4617,publish,33.732101940000000,-118.276043099999995,2010-11-01T19:50:56.000Z,,6477733.676301879808307,1725000.823569309897721
"133441536",HSIP Freedom Airports_Heliports,CL78,Transportation,Heliports,,US Geological Survey (USGS) & LA County,Camp 14 Heliport,,,Saugus,CA,,,,,02279.3*H,"1870","4619",,"91350",http://egis3.lacounty.gov/lms/?p=4619,publish,34.566100830000003,-118.476749400000003,2010-11-01T19:50:56.000Z,,6418144.624548469670117,2028736.037291900021955
"133441537",HSIP Freedom Airports_Heliports,0CA7,Transportation,Heliports,,US Geological Survey (USGS) & LA County,Boeing Seal Beach (Rooftop),,,Seal Beach,CA,,,,,02284.11*H,"158","4620",,"90807",http://egis3.lacounty.gov/lms/?p=4620,publish,33.756961390000001,-118.087563900000006,2010-11-01T19:50:56.000Z,,6535052.556742640212178,1733944.266312320018187
"133441538",HSIP Freedom Airports_Heliports,CL98,Transportation,Heliports,,US Geological Survey (USGS) & LA County,Rockwell Facility,,,Seal Beach,CA,,,,,02284.13*H,"12","4621",,"90245",http://egis3.lacounty.gov/lms/?p=4621,publish,33.757794720000000,-118.084785800000006,2010-11-01T19:50:56.000Z,,6535897.302428469993174,1734246.815575970103964
"133441539",HSIP Freedom Airports_Heliports,CL43,Transportation,Heliports,,US Geological Survey (USGS) & LA County,Boeing Seal Beach (Ground Level),,,Seal Beach,CA,,,,,02284.14*H,"20","4622",,"90807",http://egis3.lacounty.gov/lms/?p=4622,publish,33.755016939999997,-118.093397199999998,2010-11-01T19:50:56.000Z,,6533278.686274630017579,1733238.220152230001986
"133441540",HSIP Freedom Airports_Heliports,CL80,Transportation,Heliports,,US Geological Survey (USGS) & LA County,Sherman Oaks Community Hospital,,,Sherman Oaks,CA,,,,,02294.5*H,"697","4623",,"91436",http://egis3.lacounty.gov/lms/?p=4623,publish,34.160005830000003,-118.449525800000004,2010-11-01T19:50:56.000Z,,6425679.338481630198658,1880913.618698480073363
"133441541",HSIP Freedom Airports_Heliports,1CA5,Transportation,Heliports,,US Geological Survey (USGS) & LA County,California Title Building Heliport,,,South Pasadena,CA,,,,,02304.*H,"808","4624",,"91030",http://egis3.lacounty.gov/lms/?p=4624,publish,34.123896940000002,-118.150626399999993,2010-11-01T19:50:56.000Z,,6516082.853868469595909,1867503.007396399974823
"133441542",HSIP Freedom Airports_Heliports,CL81,Transportation,Heliports,,US Geological Survey (USGS) & LA County,Camp 15 Heliport,,,Sunland,CA,,,,,02329.5*H,"1520","4625",,"91042",http://egis3.lacounty.gov/lms/?p=4625,publish,34.289445559999997,-118.288132500000003,2010-11-01T19:50:56.000Z,,6474639.053226049989462,1927839.740069149993360
"133441543",HSIP Freedom Airports_Heliports,8CA1,Transportation,Heliports,,US Geological Survey (USGS) & LA County,Merle Norman Cosmetics-Sylmar Heliport,,,Sylmar,CA,,,,,02333.*H,"1215","4626",,"91406",http://egis3.lacounty.gov/lms/?p=4626,publish,34.305000560000003,-118.464528099999995,2010-11-01T19:50:56.000Z,,6421384.709603729657829,1933699.909451140090823
"133441544",HSIP Freedom Airports_Heliports,CA64,Transportation,Heliports,,US Geological Survey (USGS) & LA County,Olive View Medical Center,,,Sylmar,CA,,,,,02333.01*H,"178","4627",,"90012",http://egis3.lacounty.gov/lms/?p=4627,publish,34.326799999999999,-118.444999999999993,2010-11-01T19:50:56.000Z,,6427317.198722969740629,1941606.373953149886802
"133441545",HSIP Freedom Airports_Heliports,1CA9,Transportation,Heliports,,US Geological Survey (USGS) & LA County,Los Angeles County Fire Department,,,Thousand Oaks,CA,,,,,02352.33*H,"1360","4628",,"91331",http://egis3.lacounty.gov/lms/?p=4628,publish,34.083340000000000,-118.867593600000006,2010-11-01T19:50:56.000Z,,6298966.628652970306575,1853843.157747640041634
"133441546",HSIP Freedom Airports_Heliports,3CL8,Transportation,Heliports,,US Geological Survey (USGS) & LA County,Toyota Helistop,,,Torrance,CA,,,,,02356.12*H,"60","4630",,"90509",http://egis3.lacounty.gov/lms/?p=4630,publish,33.856402780000003,-118.312572200000005,2010-11-01T19:50:56.000Z,,6466766.942986059933901,1770269.644448820035905
"133441547",HSIP Freedom Airports_Heliports,2CA1,Transportation,Heliports,,US Geological Survey (USGS) & LA County,Cosmodyne,,,Torrance,CA,,,,,02356.14*H,"128","4631",,"90503",http://egis3.lacounty.gov/lms/?p=4631,publish,33.843626669999999,-118.339795600000002,2010-11-01T19:50:56.000Z,,6458485.667881970293820,1765646.944048549979925
"133441548",HSIP Freedom Airports_Heliports,81L,Transportation,Heliports,,US Geological Survey (USGS) & LA County,Sheriffs Wayside Heliport,,,Valencia,CA,,,,,02390.82*H,"1200","4634",,"91754",http://egis3.lacounty.gov/lms/?p=4634,publish,34.466660830000002,-118.595364399999994,2010-11-01T19:50:56.000Z,,6382221.540554880164564,1992738.576478559989482
"133441549",HSIP Freedom Airports_Heliports,CL22,Transportation,Heliports,,US Geological Survey (USGS) & LA County,Sheriffs Station Heliport,,,Valencia,CA,,,,,02390.83*H,"1200","4635",,"91754",http://egis3.lacounty.gov/lms/?p=4635,publish,34.416107220000001,-118.551752199999996,2010-11-01T19:50:56.000Z,,6395265.570897219702601,1974266.326021570013836
"133441550",HSIP Freedom Airports_Heliports,1CL9,Transportation,Heliports,,US Geological Survey (USGS) & LA County,Sfi-Vernon,,,Vernon,CA,,,,,02402.5*H,"231","4636",,"90058",http://egis3.lacounty.gov/lms/?p=4636,publish,34.000986109999999,-118.212849399999996,2010-11-01T19:50:56.000Z,,6497156.209635210223496,1822807.526905640028417
"133441551",HSIP Freedom Airports_Heliports,0CA2,Transportation,Heliports,,US Geological Survey (USGS) & LA County,Veterans Administration Medical Center West Los Angeles Heliport,,,West Los Angeles,CA,,,,,02438.5*H,"294","4637",,"90073",http://egis3.lacounty.gov/lms/?p=4637,publish,34.049166669999998,-118.456111100000001,2010-11-01T19:50:56.000Z,,6423504.130233629606664,1840586.561229390092194
"133441552",HSIP Freedom Airports_Heliports,31CL,Transportation,Heliports,,US Geological Survey (USGS) & LA County,Presbyterian Intercommunity Hospital,,,Whittier,CA,,,,,02444.*H,"196","4638",,"90602",http://egis3.lacounty.gov/lms/?p=4638,publish,33.971111110000002,-118.049027800000005,2010-11-01T19:50:56.000Z,,6546804.813421799801290,1811870.713805560022593
"133441553",HSIP Freedom Airports_Heliports,2CA7,Transportation,Heliports,,US Geological Survey (USGS) & LA County,Prudential Helistop,,,Woodland Hills,NJ,,,,,02467.4*H,"847","4639",,"7107",http://egis3.lacounty.gov/lms/?p=4639,publish,34.175560560000001,-118.595086400000000,2010-11-01T19:50:56.000Z,,6381678.165985469706357,1886802.981263560010120
"133441554",HSIP Freedom Airports_Heliports,96CA,Transportation,Heliports,,US Geological Survey (USGS) & LA County,Warner Center Plaza One,,,Woodland Hills,CA,,,,,02467.42*H,"1133","4640",,"91367",http://egis3.lacounty.gov/lms/?p=4640,publish,34.178893889999998,-118.599252500000006,2010-11-01T19:50:56.000Z,,6380425.317769389599562,1888023.505069229984656
"133460970",HSIP Freedom Gnis_structures,"1653237",Transportation,Heliports,,US Geological Survey (USGS) & LA County,Catalina Airport,,,,,,,,,,,"26514",,,http://egis3.lacounty.gov/lms/?p=26514,publish,33.404749700000004,-118.416742900000003,2010-11-01T19:50:56.000Z,,6434457.238904800266027,1606012.285956310108304
"133460971",HSIP Freedom Gnis_structures,"1653239",Transportation,Heliports,,US Geological Survey (USGS) & LA County,Two Harbors Amphibious Terminal Seaplane Base,,,,,,,,,,,"26515",,,http://egis3.lacounty.gov/lms/?p=26515,publish,33.432249200000001,-118.508968600000003,2010-11-01T19:50:56.000Z,,6406355.724241809919477,1616150.306362640112638
"133460972",HSIP Freedom Gnis_structures,"1653240",Transportation,Heliports,,US Geological Survey (USGS) & LA County,Pebbly Beach Seaplane Base,,,,,,,,,,,"26516",,,http://egis3.lacounty.gov/lms/?p=26516,publish,33.338362099999998,-118.312849999999997,2010-11-01T19:50:56.000Z,,6466095.807517309673131,1581735.086479309946299
"133460974",HSIP Freedom Gnis_structures,"1653238",Transportation,Heliports,,US Geological Survey (USGS) & LA County,Avalon Bay Seaplane Base,,,,,,,,,,,"26518",,,http://egis3.lacounty.gov/lms/?p=26518,publish,33.341695399999999,-118.317016899999999,2010-11-01T19:50:56.000Z,,6464826.665042470209301,1582952.255960969952866
"133460975",HSIP Freedom Gnis_structures,"1654113",Transportation,Heliports,,US Geological Survey (USGS) & LA County,Westlake Medical Center Heliport,,,,,,,,,,,"26519",,,http://egis3.lacounty.gov/lms/?p=26519,publish,34.141672399999997,-118.818425700000006,2010-11-01T19:50:56.000Z,,6314026.964673969894648,1874945.840279730036855
"133460993",HSIP Freedom Gnis_structures,"1653982",Transportation,Heliports,,US Geological Survey (USGS) & LA County,Santa Monica Municipal Airport,,,,,,,,,,,"26539",,,http://egis3.lacounty.gov/lms/?p=26539,publish,34.015566200000002,-118.452023400000002,2010-11-01T19:50:56.000Z,,6424687.389350060373545,1828353.214305059984326
"133461057",HSIP Freedom Gnis_structures,"1653314",Transportation,Heliports,,US Geological Survey (USGS) & LA County,Ri Ai Canoga Park G/L Helistop,,,,,,,,,,,"26615",,,http://egis3.lacounty.gov/lms/?p=26615,publish,34.234722200000000,-118.585277800000000,2010-11-01T19:50:56.000Z,,6384770.240181890316308,1908315.187910970067605
"133461058",HSIP Freedom Gnis_structures,"1653699",Transportation,Heliports,,US Geological Survey (USGS) & LA County,Ri Rd Canoga Park G/L Heliport,,,,,,,,,,,"26616",,,http://egis3.lacounty.gov/lms/?p=26616,publish,34.188333299999996,-118.600833300000005,2010-11-01T19:50:56.000Z,,6379967.740600559860468,1891461.469978060107678
"133461059",HSIP Freedom Gnis_structures,"1654087",Transportation,Heliports,,US Geological Survey (USGS) & LA County,Van Nuys Airport,,,,,,,,,,,"26617",,,http://egis3.lacounty.gov/lms/?p=26617,publish,34.209726400000001,-118.490639700000003,2010-11-01T19:50:56.000Z,,6413329.935030889697373,1899065.785806149942800
"133461060",HSIP Freedom Gnis_structures,"1653691",Transportation,Heliports,,US Geological Survey (USGS) & LA County,West Valley Area Heliport,,,,,,,,,,,"26621",,,http://egis3.lacounty.gov/lms/?p=26621,publish,34.193893600000003,-118.548141000000001,2010-11-01T19:50:56.000Z,,6395913.690335880033672,1893393.860142139950767
"133461177",HSIP Freedom Gnis_structures,"1653290",Transportation,Heliports,,US Geological Survey (USGS) & LA County,Burbank-Glendale-Pasadena Airport,,,,,,,,,,,"26758",,,http://egis3.lacounty.gov/lms/?p=26758,publish,34.200560500000002,-118.359245900000005,2010-11-01T19:50:56.000Z,,6453043.518005129881203,1895562.228836890077218
"133461178",HSIP Freedom Gnis_structures,"1653291",Transportation,Heliports,,US Geological Survey (USGS) & LA County,Saint Joseph Medical Center Heliport,,,,,,,,,,,"26759",,,http://egis3.lacounty.gov/lms/?p=26759,publish,34.155562400000001,-118.329799800000004,2010-11-01T19:50:56.000Z,,6461893.506866799667478,1879156.175362969981506
"133461179",HSIP Freedom Gnis_structures,"1653640",Transportation,Heliports,,US Geological Survey (USGS) & LA County,Saint Vincent Professional Office Building Heliport,,,,,,,,,,,"26760",,,http://egis3.lacounty.gov/lms/?p=26760,publish,34.063900099999998,-118.273408099999997,2010-11-01T19:50:56.000Z,,6478863.335131810046732,1845747.487259220099077
"133461456",HSIP Freedom Gnis_structures,"1653695",Transportation,Heliports,,US Geological Survey (USGS) & LA County,Whiteman Airport,,,,,,,,,,,"27059",,,http://egis3.lacounty.gov/lms/?p=27059,publish,34.259724800000001,-118.414248700000002,2010-11-01T19:50:56.000Z,,6436500.892297799699008,1917156.995686650043353
"133461458",HSIP Freedom Gnis_structures,"1653589",Transportation,Heliports,,US Geological Survey (USGS) & LA County,Lake View Medical Center Heliport,,,,,,,,,,,"27061",,,http://egis3.lacounty.gov/lms/?p=27061,publish,34.281112800000002,-118.384803199999993,2010-11-01T19:50:56.000Z,,6445427.899378140456975,1924905.058602560078725
"133461525",HSIP Freedom Gnis_structures,"1653648",Transportation,Heliports,,US Geological Survey (USGS) & LA County,Security Pacific Plaza Heliport,,,,,,,,,,,"27141",,,http://egis3.lacounty.gov/lms/?p=27141,publish,34.053623000000002,-118.254240699999997,2010-11-01T19:50:56.000Z,,6484659.084695129655302,1841992.227381299948320
"133461526",HSIP Freedom Gnis_structures,"1653653",Transportation,Heliports,,US Geological Survey (USGS) & LA County,Pacific Bell Heliport,,,,,,,,,,,"27142",,,http://egis3.lacounty.gov/lms/?p=27142,publish,34.055567300000000,-118.262296599999999,2010-11-01T19:50:56.000Z,,6482220.749348710291088,1842706.063223969889805
"133461527",HSIP Freedom Gnis_structures,"1653657",Transportation,Heliports,,US Geological Survey (USGS) & LA County,Arco Plaza Heliport,,,,,,,,,,,"27143",,,http://egis3.lacounty.gov/lms/?p=27143,publish,34.051400899999997,-118.257851900000006,2010-11-01T19:50:56.000Z,,6483563.155784640461206,1841186.351040299981833
"133461528",HSIP Freedom Gnis_structures,"1653662",Transportation,Heliports,,US Geological Survey (USGS) & LA County,Sheriffs Headquarters - Temple And Grand Heliport,,,,,,,,,,,"27144",,,http://egis3.lacounty.gov/lms/?p=27144,publish,34.058622800000002,-118.246462800000003,2010-11-01T19:50:56.000Z,,6487019.520262969657779,1843805.878281560027972
"133461810",HSIP Freedom Gnis_structures,"1653321",Transportation,Heliports,,US Geological Survey (USGS) & LA County,Goodyear Blimp Base Airport,,,,,,,,,,,"27452",,,http://egis3.lacounty.gov/lms/?p=27452,publish,33.856405400000000,-118.278127900000001,2010-11-01T19:50:56.000Z,,6477224.919445379637182,1770239.869573980104178
"133461811",HSIP Freedom Gnis_structures,"1653959",Transportation,Heliports,,US Geological Survey (USGS) & LA County,San Pedro Peninsula Hospital Heliport,,,,,,,,,,,"27453",,,http://egis3.lacounty.gov/lms/?p=27453,publish,33.738629299999999,-118.311460499999995,2010-11-01T19:50:56.000Z,,6466971.670594980008900,1727407.789883970050141
"133461812",HSIP Freedom Gnis_structures,"1654056",Transportation,Heliports,,US Geological Survey (USGS) & LA County,Zamperini Field,,,,,,,,,,,"27454",,,http://egis3.lacounty.gov/lms/?p=27454,publish,33.803349799999999,-118.340350500000000,2010-11-01T19:50:56.000Z,,6458267.533147630281746,1750989.784386560088024
"133461813",HSIP Freedom Gnis_structures,"1654057",Transportation,Heliports,,US Geological Survey (USGS) & LA County,South Bay Hospital Heliport,,,,,,,,,,,"27455",,,http://egis3.lacounty.gov/lms/?p=27455,publish,33.852792700000002,-118.382296699999998,2010-11-01T19:50:56.000Z,,6445592.237632139585912,1769029.027179389959201
"133461903",HSIP Freedom Gnis_structures,"1653512",Transportation,Heliports,,US Geological Survey (USGS) & LA County,Hawthorne Municipal Airport,,,,,,,,,,,"27561",,,http://egis3.lacounty.gov/lms/?p=27561,publish,33.922792200000004,-118.335907899999995,2010-11-01T19:50:56.000Z,,6459762.505879480391741,1794453.052118639927357
"133462268",HSIP Freedom Gnis_structures,"1653710",Transportation,Heliports,,US Geological Survey (USGS) & LA County,Saint Francis Medical Center Helistop,,,,,,,,,,,"27944",,,http://egis3.lacounty.gov/lms/?p=27944,publish,33.930292999999999,-118.203404399999997,2010-11-01T19:50:56.000Z,,6499966.902832720428705,1797074.916953640058637
"133462478",HSIP Freedom Gnis_structures,"1653659",Transportation,Heliports,,US Geological Survey (USGS) & LA County,Pacific Electric Building Heliport,,,,,,,,,,,"28161",,,http://egis3.lacounty.gov/lms/?p=28161,publish,34.044456799999999,-118.250073900000004,2010-11-01T19:50:56.000Z,,6485912.935533880256116,1838653.312471230048686
"133462707",HSIP Freedom Gnis_structures,"1653411",Transportation,Heliports,,US Geological Survey (USGS) & LA County,R I Sd Downey Helistop,,,,,,,,,,,"28404",,,http://egis3.lacounty.gov/lms/?p=28404,publish,33.923347800000002,-118.127290599999995,2010-11-01T19:50:56.000Z,,6523053.070571050047874,1794509.424381230026484
"133462784",HSIP Freedom Gnis_structures,"1653630",Transportation,Heliports,,US Geological Survey (USGS) & LA County,Long Beach Airport,,,,,,,,,,,"28496",,,http://egis3.lacounty.gov/lms/?p=28496,publish,33.817516599999998,-118.152289699999997,2010-11-01T19:50:56.000Z,,6515410.530738060362637,1756005.449223980074748
"133462785",HSIP Freedom Gnis_structures,"1653636",Transportation,Heliports,,US Geological Survey (USGS) & LA County,Saint Mary Medical Center Heliport,,,,,,,,,,,"28497",,,http://egis3.lacounty.gov/lms/?p=28497,publish,33.778906499999998,-118.186734799999996,2010-11-01T19:50:56.000Z,,6504921.330915969796479,1741971.842776810051873
"133463067",HSIP Freedom Gnis_structures,"1653227",Transportation,Heliports,,US Geological Survey (USGS) & LA County,Methodist Hospital Heliport,,,,,,,,,,,"28804",,,http://egis3.lacounty.gov/lms/?p=28804,publish,34.133340599999997,-118.043400700000007,2010-11-01T19:50:56.000Z,,6548536.471375809982419,1870908.409706309903413
"133463068",HSIP Freedom Gnis_structures,"1653898",Transportation,Heliports,,US Geological Survey (USGS) & LA County,Sce Headquarters Heliport,,,,,,,,,,,"28805",,,http://egis3.lacounty.gov/lms/?p=28805,publish,34.052222200000003,-118.080555599999997,2010-11-01T19:50:56.000Z,,6537269.055590470321476,1841394.835859569953755
"133463069",HSIP Freedom Gnis_structures,"1653597",Transportation,Heliports,,US Geological Survey (USGS) & LA County,Brackett Field,,,,,,,,,,,"28809",,,http://egis3.lacounty.gov/lms/?p=28809,publish,34.091398400000003,-117.782558199999997,2010-11-01T19:50:56.000Z,,6627505.214028550311923,1855713.239965480053797
"133463444",HSIP Freedom Gnis_structures,"1653203",Transportation,Heliports,,US Geological Survey (USGS) & LA County,Agua Dulce Airpark,,,,,,,,,,,"29200",,,http://egis3.lacounty.gov/lms/?p=29200,publish,34.503881300000003,-118.313690100000002,2010-11-01T19:50:56.000Z,,6467162.861485560424626,2005899.963869649916887
"133463445",HSIP Freedom Gnis_structures,"1653796",Transportation,Heliports,,US Geological Survey (USGS) & LA County,Nichols Farms Airport,,,,,,,,,,,"29201",,,http://egis3.lacounty.gov/lms/?p=29201,publish,34.588602600000002,-117.826730299999994,2010-11-01T19:50:56.000Z,,6613819.319812480360270,2036629.591386649990454
"133463446",HSIP Freedom Gnis_structures,"1653797",Transportation,Heliports,,US Geological Survey (USGS) & LA County,Brian Ranch Airport,,,,,,,,,,,"29202",,,http://egis3.lacounty.gov/lms/?p=29202,publish,34.514994999999999,-117.762839299999996,2010-11-01T19:50:56.000Z,,6633111.774665799923241,2009881.315158890094608
"133463447",HSIP Freedom Gnis_structures,"1653491",Transportation,Heliports,,US Geological Survey (USGS) & LA County,Quail Lake Sky Park,,,,,,,,,,,"29203",,,http://egis3.lacounty.gov/lms/?p=29203,publish,34.767480499999998,-118.732590599999995,2010-11-01T19:50:56.000Z,,6341658.735197720117867,2102485.469517140183598
"133463448",HSIP Freedom Gnis_structures,"1653592",Transportation,Heliports,,US Geological Survey (USGS) & LA County,Bohunks Airpark,,,,,,,,,,,"29204",,,http://egis3.lacounty.gov/lms/?p=29204,publish,34.694428899999998,-118.283965800000004,2010-11-01T19:50:56.000Z,,6476313.970807969570160,2075218.400035650003701
"133463449",HSIP Freedom Gnis_structures,"1653593",Transportation,Heliports,,US Geological Survey (USGS) & LA County,Little Buttes Antique Airfield,,,,,,,,,,,"29205",,,http://egis3.lacounty.gov/lms/?p=29205,publish,34.793869299999997,-118.278410100000002,2010-11-01T19:50:56.000Z,,6478084.171663880348206,2111403.317823139950633
"133463450",HSIP Freedom Gnis_structures,"1653596",Transportation,Heliports,,US Geological Survey (USGS) & LA County,General William J Fox Airfield,,,,,,,,,,,"29206",,,http://egis3.lacounty.gov/lms/?p=29206,publish,34.740816100000004,-118.219796900000006,2010-11-01T19:50:56.000Z,,6495639.168049889616668,2092051.826670560054481
"133463451",HSIP Freedom Gnis_structures,"1653613",Transportation,Heliports,,US Geological Survey (USGS) & LA County,Crystal Airport,,,,,,,,,,,"29207",,,http://egis3.lacounty.gov/lms/?p=29207,publish,34.490551000000004,-117.824507699999998,2010-11-01T19:50:56.000Z,,6614550.556538970209658,2000947.467541049933061
"133463536",HSIP Freedom Gnis_structures,"1666851",Transportation,Heliports,,US Geological Survey (USGS) & LA County,Gray Butte Field,,,,,,,,,,,"29300",,,http://egis3.lacounty.gov/lms/?p=29300,publish,34.565270499999997,-117.674780200000001,2010-11-01T19:50:56.000Z,,6659579.109526310116053,2028251.892262819921598
"133496685",HSIP Freedom Airports_Heliports,01CN,Transportation,Heliports,,US Geological Survey (USGS) & LA County,Los Angeles County Sheriffs Department Heliport,,,Los Angeles,CA,,,,,01817.18*H,"300","4541",,"91754",http://egis3.lacounty.gov/lms/?p=4541,publish,34.057983819999997,-118.166831729999998,2011-01-31T16:21:47.000Z,,6511138.461198230274022,1843523.756470469990745
"133496694",HSIP Freedom Gnis_structures,"1653362",Transportation,Heliports,,US Geological Survey (USGS) & LA County,Compton / Woodley Heliport,,,,,,,,,,,"27943",This heliport is part of Compton/Woodley Airport,,http://egis3.lacounty.gov/lms/?p=27943,publish,33.889058280000000,-118.241622449999994,2011-02-10T12:38:09.000Z,,6488337.274845300242305,1782094.359316390007734
"133496698",HSIP Freedom Gnis_structures,"2559430",Transportation,Heliports,,US Geological Survey (USGS) & LA County,Palmdale Regional Airport (Heliport),,,,,,,,,,,"29294",,,http://egis3.lacounty.gov/lms/?p=29294,publish,34.625555599999998,-118.087500000000006,2011-02-10T12:47:08.000Z,,6535347.129972379654646,2050044.283389230025932
"133497081",HSIP Freedom Airports_Heliports,6CA3,Transportation,Heliports,,US Geological Survey (USGS) & LA County,Catalina Air-Sea Terminal,,,San Pedro,CA,,,,,02221.021*H,"5","4616",,"90733",http://egis3.lacounty.gov/lms/?p=4616,publish,33.749184999999997,-118.274793099999997,2011-05-13T09:23:55.000Z,,6478130.759825300425291,1731216.801294799894094
"133503076",HSIP Freedom Gnis_structures,"1653426",Transportation,Heliports,,US Geological Survey (USGS) & LA County,San Gabriel Valley Airport,,,,,,,,,,,"28808",,,http://egis3.lacounty.gov/lms/?p=28808,publish,34.085842300000003,-118.035622500000002,2015-02-09T10:38:52.000Z,,6550884.173701389692724,1853621.969213650096208
"133506694",HSIP Freedom Gnis_structures,"2084607",Transportation,Heliports,,LA County,Foothill Presbyterian Hospital,250 South Grand Avenue,,Glendora,CA,Visiting Hours: 10am - 8pm,"(626) 963-8411

",,http://www.cvhp.org/Our-Facilities/Foothill-Presbyterian.aspx,,,"28964","Fully accredited with 105 beds, the nonprofit <strong>Foothill Presbyterian Hospital</strong> has proudly served the communities of Glendora, Azusa, La Verne and San Dimas since 1973.

&nbsp;","91741",http://egis3.lacounty.gov/lms/?p=28964,publish,34.132884699999998,-117.871319400000004,2016-01-22T15:34:58.000Z,,6600611.663485050201416,1870764.592736720107496
"133506730","211",,Transportation,Heliports,,,Henry Mayo Newhall Memorial Hospital,23845 W. McBean Pkwy.,,Valencia,CA,"Monday through Sunday, 24 hours per days.  Service hours vary.","FAX (661) 253-8142, Admitting Service/Intake and Administration (661) 253-8311, Physician Referrals Service/Intake (661) 253-8888, Hospital Main Number Service/Intake (Voice and TDD) (661) 253-8000",info@henrymayo.com,http://www.henrymayo.com/,,,"1246","Henry Mayo is a 238-bed, not-for-profit community hospital and trauma center.  Your family can count on us for critical life-saving services and specialized care when quality of life, comfort, safety and compassion are important to you and your loved on","91355",http://egis3.lacounty.gov/lms/?p=1246,publish,34.421306399999999,-118.563134539999993,2016-01-22T17:01:02.000Z,,6391843.368752139620483,1976177.420952650019899
"133506932",HSIP Freedom Airports_Heliports,CA86,Transportation,Heliports,,US Geological Survey (USGS) & LA County,Northridge Hospital Medical Center,18300 Roscoe Blvd.,,Northridge,CA,24 hour emergency services,"For more information, please call 818.885.8500. To find a physician, please call 818.908.8677",,http://www.dignityhealth.org/northridgehospital/,01818.41*H,"864","4585","<span style=""font-family: Calibri"">Nobody knows when an emergency will arise—so it is important to know where to go for the right care. Our Emergency Room has been addressing the emergent needs of our community for nearly 60 years, treating more than 5","91328",http://egis3.lacounty.gov/lms/?p=4585,publish,34.220347420000003,-118.532994389999999,2016-02-01T16:24:56.000Z,,6400544.996690049767494,1902996.113903480116278
